DRUG,MUT
FUS,1:562405:G:A
FUS,1:562556:G:A
FUS,1:562566:C:T
FUS,1:562625:G:A
FUS,1:562626:T:C
FUS,1:562710:C:T
FUS,1:563484:C:T
FUS,1:563568:C:T
FUS,1:563574:C:T
FUS,1:563687:G:A
FUS,1:563709:G:T
FUS,1:563716:G:A
FUS,1:563726:C:T
FUS,1:563738:T:A
FUS,1:563739:T:C
FUS,1:563728:C:G
FUS,1:563728:C:A
FUS,1:563723:C:T
LIN,1:2576:G:T
CIP,1:7255:T:C
CIP,1:1335028:T:C
CIP,1:7266:G:A
CIP,1:7254:T:G
CIP,1:1334924:T:G
CIP,1:1337188:G:A
CIP,1:1335030:T:C
CIP,1:1335039:G:A
CIP,1:1335040:A:T
CIP,1:1335040:A:G
CIP,1:1335112:G:
RIF,1:554875:T:C
RIF,1:554887:C:A
RIF,1:554888:A:T
RIF,1:554896:G:T
RIF,1:554897:A:G
RIF,1:554903:C:A
RIF,1:554914:G:A
RIF,1:554915:C:A
RIF,1:554915:C:T
RIF,1:554926:C:A
RIF,1:554926:C:T
RIF,1:554936:G:A
RIF,1:554942:C:T
RIF,1:555066:T:G
TMP,1:1424546:A:T
TMP,1:1424393:T:C
TMP,1:1424751:G:T
TMP,1:1424781:A:C
TMP,1:1424779:T:C
